[
    {
        "text": "O Senhor é a minha força e o meu escudo. Salmo 28:7"
    },
    {
        "text": "Posso todas as coisas naquele que me fortalece. Filipenses 4:13"
    },
    {
        "text": "Deus é o nosso refúgio e fortaleza. Salmo 46:1"
    },
    {
        "text": "Se Deus é por nós, quem será contra nós? Romanos 8:31"
    },
    {
        "text": "Lembre-se: A alegria do Senhor é a nossa força. Neemias 8:10"
    },
    {
        "text": "O Senhor pelejará por vós; e vós vos calareis. Êxodo 14:14"
    },
    {
        "text": "Entrega o teu caminho ao Senhor; confia nele, e o mais ele fará. Confie e avance. Salmo 37:5"
    },
    {
        "text": "O Senhor é o meu pastor; nada me faltará. Salmo 23:1"
    },
    {
        "text": "Aquele que habita no esconderijo do Altíssimo descansará. Salmo 91:1"
    },
    {
        "text": "Fortalecei-vos no Senhor e na força do seu poder. Efésios 6:10"
    },
    {
        "text": "Tudo coopera para o bem daqueles que amam a Deus. Não temas. Romanos 8:28"
    },
    {
        "text": "Não temas, porque eu sou contigo. Isaías 41:10"
    },
    {
        "text": "O choro pode durar uma noite, mas a alegria vem pela manhã. Salmo 30:5"
    },
    {
        "text": "Seja forte e corajoso, o Senhor está contigo. Confie e avance. Josué 1:9"
    },
    {
        "text": "Lembre-se: A paz de Deus guardará o vosso coração. Filipenses 4:7"
    },
    {
        "text": "Deus nunca nos deixa e nunca nos abandona. Hebreus 13:5"
    },
    {
        "text": "Os que esperam no Senhor renovarão as forças. Isaías 40:31"
    },
    {
        "text": "Ele sara os quebrantados de coração. Salmo 147:3"
    },
    {
        "text": "O Senhor é a minha luz e a minha salvação. Salmo 27:1"
    },
    {
        "text": "Quando sou fraco, então é que sou forte. 2 Coríntios 12:10"
    },
    {
        "text": "Deleita-te no Senhor, e Ele concederá o que deseja o teu coração. Confie e avance. Salmo 37:4"
    },
    {
        "text": "A fé é o firme fundamento das coisas que se esperam. Hebreus 11:1"
    },
    {
        "text": "Bem-aventurado o homem que confia no Senhor. Jeremias 17:7"
    },
    {
        "text": "Os planos de Deus são de paz e não de mal. Jeremias 29:11"
    },
    {
        "text": "Deus é poderoso para fazer infinitamente mais. Efésios 3:20"
    },
    {
        "text": "Em Cristo somos mais que vencedores. Romanos 8:37"
    },
    {
        "text": "O Senhor sustenta a todos os que caem. Salmo 145:14"
    },
    {
        "text": "Não se turbe o vosso coração; crede em Deus. João 14:1"
    },
    {
        "text": "Deus não nos deu espírito de covardia, mas de poder. 2 Timóteo 1:7"
    },
    {
        "text": "Aquele que começou a boa obra em vós há de completá-la. Filipenses 1:6"
    },
    {
        "text": "O Senhor é a minha rocha e o meu libertador. Salmo 18:2"
    },
    {
        "text": "O amor de Deus lança fora todo medo. 1 João 4:18"
    },
    {
        "text": "O Senhor está perto dos que têm o coração quebrantado. Salmo 34:18"
    },
    {
        "text": "Clama a mim, e responder-te-ei. Jeremias 33:3"
    },
    {
        "text": "O Senhor cumpre o que promete. Josué 21:45"
    },
    {
        "text": "Lembre-se: O Senhor é bom, um refúgio em tempos de angústia. Naum 1:7"
    },
    {
        "text": "A mão do Senhor não está encolhida para que não possa salvar. Confie e avance. Isaías 59:1"
    },
    {
        "text": "Ele faz novas todas as coisas. Apocalipse 21:5"
    },
    {
        "text": "O Senhor consola o seu povo. Isaías 49:13"
    },
    {
        "text": "Deus é a minha salvação; confiarei e não temerei. Isaías 12:2"
    },
    {
        "text": "Lembre-se: A graça do Senhor é melhor que a vida. Salmo 63:3"
    },
    {
        "text": "O Senhor firma os passos daquele que nele se agrada. Salmo 37:23"
    },
    {
        "text": "Regozijai-vos sempre no Senhor. Filipenses 4:4"
    },
    {
        "text": "Sede agradecidos em todas as circunstâncias. 1 Tessalonicenses 5:18"
    },
    {
        "text": "Ande em amor, como Cristo nos amou. Efésios 5:2"
    },
    {
        "text": "Busca primeiro o reino de Deus e a sua justiça. Mateus 6:33"
    },
    {
        "text": "Se alguém está em Cristo, nova criatura é. 2 Coríntios 5:17"
    },
    {
        "text": "A palavra de Deus é lâmpada para os meus pés. Salmo 119:105"
    },
    {
        "text": "Confia no Senhor de todo o teu coração. Provérbios 3:5"
    },
    {
        "text": "Lembre-se: Pede, e dar-se-vos-á; busca, e encontrareis. Mateus 7:7"
    },
    {
        "text": "Não vos inquieteis com o dia de amanhã. Mateus 6:34"
    },
    {
        "text": "Sede fortes e corajosos; não temais nem vos atemorizeis. Confie e avance. Deuteronômio 31:6"
    },
    {
        "text": "Lembre-se: O Senhor dá força ao cansado. Isaías 40:29"
    },
    {
        "text": "O Senhor guarda os passos do justo. Salmo 37:23"
    },
    {
        "text": "A misericórdia do Senhor é de geração em geração. Lucas 1:50"
    },
    {
        "text": "O Senhor conhece os pensamentos do homem. Confie e avance. Salmo 94:11"
    },
    {
        "text": "Aquele que semeia com lágrimas, com alegria ceifará. Salmo 126:5"
    },
    {
        "text": "Lembre-se: O Senhor é justo em todos os seus caminhos. Salmo 145:17"
    },
    {
        "text": "Confia no Senhor e faze o bem. Salmo 37:3"
    },
    {
        "text": "Esforça-te e confirma o teu coração. Salmo 27:14"
    },
    {
        "text": "Lembre-se: A minha alma espera somente em Deus. Salmo 62:5"
    },
    {
        "text": "O Senhor concede sabedoria aos que Lhe pedem. Tiago 1:5"
    },
    {
        "text": "A boca do justo produz sabedoria. Provérbios 10:31"
    },
    {
        "text": "Faz com que a luz do teu rosto brilhe sobre nós. Salmo 67:1"
    },
    {
        "text": "Serve ao Senhor com temor e alegrai-vos com tremor. Salmo 2:11"
    },
    {
        "text": "Bendize, ó minha alma, ao Senhor. Salmo 103:1"
    },
    {
        "text": "Andai em novidade de vida. Romanos 6:4"
    },
    {
        "text": "A paz de Cristo reine em vossos corações. Colossenses 3:15"
    },
    {
        "text": "Sede firmes na fé. 1 Coríntios 16:13"
    },
    {
        "text": "Lembre-se: A esperança não traz confusão. Romanos 5:5"
    },
    {
        "text": "Sede praticantes da palavra, e não apenas ouvintes. Tiago 1:22"
    },
    {
        "text": "O Senhor é compassivo e misericordioso. Salmo 103:8"
    },
    {
        "text": "Busca a justiça, reprime a opressão. Confie e avance. Isaías 1:17"
    },
    {
        "text": "A palavra de Cristo habite em vós ricamente. Colossenses 3:16"
    },
    {
        "text": "Dai graças ao Senhor, porque ele é bom. Salmo 107:1"
    },
    {
        "text": "O Senhor é a minha força e o meu escudo. Confie e avance. Salmo 28:7"
    },
    {
        "text": "Posso todas as coisas naquele que me fortalece. Filipenses 4:13"
    },
    {
        "text": "Lembre-se: Deus é o nosso refúgio e fortaleza. Salmo 46:1"
    },
    {
        "text": "Se Deus é por nós, quem será contra nós? Confie e avance. Romanos 8:31"
    },
    {
        "text": "A alegria do Senhor é a nossa força. Neemias 8:10"
    },
    {
        "text": "Lembre-se: O Senhor pelejará por vós; e vós vos calareis. Êxodo 14:14"
    },
    {
        "text": "Entrega o teu caminho ao Senhor; confia nele, e o mais ele fará. Salmo 37:5"
    },
    {
        "text": "O Senhor é o meu pastor; nada me faltará. Confie e avance. Salmo 23:1"
    },
    {
        "text": "Aquele que habita no esconderijo do Altíssimo descansará. Salmo 91:1"
    },
    {
        "text": "Fortalecei-vos no Senhor e na força do seu poder. Efésios 6:10"
    },
    {
        "text": "Lembre-se: Tudo coopera para o bem daqueles que amam a Deus. Romanos 8:28"
    },
    {
        "text": "Não temas, porque eu sou contigo. Confie e avance. Isaías 41:10"
    },
    {
        "text": "O choro pode durar uma noite, mas a alegria vem pela manhã. Salmo 30:5"
    },
    {
        "text": "Seja forte e corajoso, o Senhor está contigo. Josué 1:9"
    },
    {
        "text": "Lembre-se: A paz de Deus guardará o vosso coração. Filipenses 4:7"
    },
    {
        "text": "Deus nunca nos deixa e nunca nos abandona. Hebreus 13:5"
    },
    {
        "text": "Os que esperam no Senhor renovarão as forças. Confie e avance. Isaías 40:31"
    },
    {
        "text": "Ele sara os quebrantados de coração. Salmo 147:3"
    },
    {
        "text": "O Senhor é a minha luz e a minha salvação. Salmo 27:1"
    },
    {
        "text": "Lembre-se: Quando sou fraco, então é que sou forte. 2 Coríntios 12:10"
    },
    {
        "text": "Deleita-te no Senhor, e Ele concederá o que deseja o teu coração. Salmo 37:4"
    },
    {
        "text": "A fé é o firme fundamento das coisas que se esperam. Confie e avance. Hebreus 11:1"
    },
    {
        "text": "Bem-aventurado o homem que confia no Senhor. Jeremias 17:7"
    },
    {
        "text": "Lembre-se: Os planos de Deus são de paz e não de mal. Jeremias 29:11"
    },
    {
        "text": "Deus é poderoso para fazer infinitamente mais. Efésios 3:20"
    },
    {
        "text": "Lembre-se: Em Cristo somos mais que vencedores. Romanos 8:37"
    },
    {
        "text": "O Senhor sustenta a todos os que caem. Salmo 145:14"
    },
    {
        "text": "Não se turbe o vosso coração; crede em Deus. Confie e avance. João 14:1"
    },
    {
        "text": "Deus não nos deu espírito de covardia, mas de poder. 2 Timóteo 1:7"
    },
    {
        "text": "Lembre-se: Aquele que começou a boa obra em vós há de completá-la. Filipenses 1:6"
    },
    {
        "text": "O Senhor é a minha rocha e o meu libertador. Salmo 18:2"
    },
    {
        "text": "O amor de Deus lança fora todo medo. Confie e avance. 1 João 4:18"
    },
    {
        "text": "Lembre-se: O Senhor está perto dos que têm o coração quebrantado. Salmo 34:18"
    },
    {
        "text": "Clama a mim, e responder-te-ei. Jeremias 33:3"
    },
    {
        "text": "O Senhor cumpre o que promete. Josué 21:45"
    },
    {
        "text": "Lembre-se: O Senhor é bom, um refúgio em tempos de angústia. Naum 1:7"
    },
    {
        "text": "A mão do Senhor não está encolhida para que não possa salvar. Isaías 59:1"
    },
    {
        "text": "Ele faz novas todas as coisas. Confie e avance. Apocalipse 21:5"
    },
    {
        "text": "Lembre-se: O Senhor consola o seu povo. Isaías 49:13"
    },
    {
        "text": "Deus é a minha salvação; confiarei e não temerei. Isaías 12:2"
    },
    {
        "text": "Lembre-se: A graça do Senhor é melhor que a vida. Salmo 63:3"
    },
    {
        "text": "O Senhor firma os passos daquele que nele se agrada. Salmo 37:23"
    },
    {
        "text": "Regozijai-vos sempre no Senhor. Confie e avance. Filipenses 4:4"
    },
    {
        "text": "Lembre-se: Sede agradecidos em todas as circunstâncias. 1 Tessalonicenses 5:18"
    },
    {
        "text": "Ande em amor, como Cristo nos amou. Efésios 5:2"
    },
    {
        "text": "Lembre-se: Busca primeiro o reino de Deus e a sua justiça. Mateus 6:33"
    },
    {
        "text": "Se alguém está em Cristo, nova criatura é. 2 Coríntios 5:17"
    },
    {
        "text": "Lembre-se: A palavra de Deus é lâmpada para os meus pés. Salmo 119:105"
    },
    {
        "text": "Confia no Senhor de todo o teu coração. Confie e avance. Provérbios 3:5"
    },
    {
        "text": "Lembre-se: Pede, e dar-se-vos-á; busca, e encontrareis. Mateus 7:7"
    },
    {
        "text": "Não vos inquieteis com o dia de amanhã. Mateus 6:34"
    },
    {
        "text": "Lembre-se: Sede fortes e corajosos; não temais nem vos atemorizeis. Deuteronômio 31:6"
    },
    {
        "text": "O Senhor dá força ao cansado. Isaías 40:29"
    },
    {
        "text": "Lembre-se: O Senhor guarda os passos do justo. Salmo 37:23"
    },
    {
        "text": "A misericórdia do Senhor é de geração em geração. Confie e avance. Lucas 1:50"
    },
    {
        "text": "O Senhor conhece os pensamentos do homem. Salmo 94:11"
    },
    {
        "text": "Aquele que semeia com lágrimas, com alegria ceifará. Salmo 126:5"
    },
    {
        "text": "Lembre-se: O Senhor é justo em todos os seus caminhos. Salmo 145:17"
    },
    {
        "text": "Confia no Senhor e faze o bem. Salmo 37:3"
    },
    {
        "text": "Esforça-te e confirma o teu coração. Confie e avance. Salmo 27:14"
    },
    {
        "text": "Lembre-se: A minha alma espera somente em Deus. Salmo 62:5"
    },
    {
        "text": "O Senhor concede sabedoria aos que Lhe pedem. Tiago 1:5"
    },
    {
        "text": "Lembre-se: A boca do justo produz sabedoria. Provérbios 10:31"
    },
    {
        "text": "Faz com que a luz do teu rosto brilhe sobre nós. Salmo 67:1"
    },
    {
        "text": "Lembre-se: Serve ao Senhor com temor e alegrai-vos com tremor. Salmo 2:11"
    },
    {
        "text": "Bendize, ó minha alma, ao Senhor. Confie e avance. Salmo 103:1"
    },
    {
        "text": "Andai em novidade de vida. Romanos 6:4"
    },
    {
        "text": "Lembre-se: A paz de Cristo reine em vossos corações. Colossenses 3:15"
    },
    {
        "text": "Sede firmes na fé. Confie e avance. 1 Coríntios 16:13"
    },
    {
        "text": "Lembre-se: A esperança não traz confusão. Romanos 5:5"
    },
    {
        "text": "Sede praticantes da palavra, e não apenas ouvintes. Tiago 1:22"
    },
    {
        "text": "Lembre-se: O Senhor é compassivo e misericordioso. Salmo 103:8"
    },
    {
        "text": "Busca a justiça, reprime a opressão. Isaías 1:17"
    },
    {
        "text": "Lembre-se: A palavra de Cristo habite em vós ricamente. Colossenses 3:16"
    },
    {
        "text": "Dai graças ao Senhor, porque ele é bom. Salmo 107:1"
    },
    {
        "text": "O Senhor é a minha força e o meu escudo. Salmo 28:7"
    },
    {
        "text": "Posso todas as coisas naquele que me fortalece. Confie e avance. Filipenses 4:13"
    },
    {
        "text": "Lembre-se: Deus é o nosso refúgio e fortaleza. Salmo 46:1"
    },
    {
        "text": "Se Deus é por nós, quem será contra nós? Romanos 8:31"
    },
    {
        "text": "Lembre-se: A alegria do Senhor é a nossa força. Neemias 8:10"
    },
    {
        "text": "O Senhor pelejará por vós; e vós vos calareis. Êxodo 14:14"
    },
    {
        "text": "Entrega o teu caminho ao Senhor; confia nele, e o mais ele fará. Salmo 37:5"
    },
    {
        "text": "O Senhor é o meu pastor; nada me faltará. Salmo 23:1"
    },
    {
        "text": "Aquele que habita no esconderijo do Altíssimo descansará. Confie e avance. Salmo 91:1"
    },
    {
        "text": "Fortalecei-vos no Senhor e na força do seu poder. Efésios 6:10"
    },
    {
        "text": "Lembre-se: Tudo coopera para o bem daqueles que amam a Deus. Romanos 8:28"
    },
    {
        "text": "Não temas, porque eu sou contigo. Isaías 41:10"
    },
    {
        "text": "O choro pode durar uma noite, mas a alegria vem pela manhã. Confie e avance. Salmo 30:5"
    },
    {
        "text": "Seja forte e corajoso, o Senhor está contigo. Josué 1:9"
    },
    {
        "text": "Lembre-se: A paz de Deus guardará o vosso coração. Filipenses 4:7"
    },
    {
        "text": "Deus nunca nos deixa e nunca nos abandona. Confie e avance. Hebreus 13:5"
    },
    {
        "text": "Os que esperam no Senhor renovarão as forças. Isaías 40:31"
    },
    {
        "text": "Ele sara os quebrantados de coração. Salmo 147:3"
    },
    {
        "text": "Lembre-se: O Senhor é a minha luz e a minha salvação. Salmo 27:1"
    },
    {
        "text": "Quando sou fraco, então é que sou forte. Confie e avance. 2 Coríntios 12:10"
    },
    {
        "text": "Deleita-te no Senhor, e Ele concederá o que deseja o teu coração. Salmo 37:4"
    },
    {
        "text": "Lembre-se: A fé é o firme fundamento das coisas que se esperam. Hebreus 11:1"
    },
    {
        "text": "Bem-aventurado o homem que confia no Senhor. Confie e avance. Jeremias 17:7"
    },
    {
        "text": "Lembre-se: Os planos de Deus são de paz e não de mal. Jeremias 29:11"
    },
    {
        "text": "Deus é poderoso para fazer infinitamente mais. Efésios 3:20"
    },
    {
        "text": "Em Cristo somos mais que vencedores. Confie e avance. Romanos 8:37"
    },
    {
        "text": "O Senhor sustenta a todos os que caem. Salmo 145:14"
    },
    {
        "text": "Não se turbe o vosso coração; crede em Deus. João 14:1"
    },
    {
        "text": "Lembre-se: Deus não nos deu espírito de covardia, mas de poder. 2 Timóteo 1:7"
    },
    {
        "text": "Aquele que começou a boa obra em vós há de completá-la. Confie e avance. Filipenses 1:6"
    },
    {
        "text": "O Senhor é a minha rocha e o meu libertador. Salmo 18:2"
    },
    {
        "text": "Lembre-se: O amor de Deus lança fora todo medo. 1 João 4:18"
    },
    {
        "text": "O Senhor está perto dos que têm o coração quebrantado. Salmo 34:18"
    },
    {
        "text": "Clama a mim, e responder-te-ei. Confie e avance. Jeremias 33:3"
    },
    {
        "text": "O Senhor cumpre o que promete. Josué 21:45"
    },
    {
        "text": "Lembre-se: O Senhor é bom, um refúgio em tempos de angústia. Naum 1:7"
    },
    {
        "text": "A mão do Senhor não está encolhida para que não possa salvar. Confie e avance. Isaías 59:1"
    },
    {
        "text": "Ele faz novas todas as coisas. Apocalipse 21:5"
    },
    {
        "text": "Lembre-se: O Senhor consola o seu povo. Isaías 49:13"
    },
    {
        "text": "Deus é a minha salvação; confiarei e não temerei. Isaías 12:2"
    },
    {
        "text": "Lembre-se: A graça do Senhor é melhor que a vida. Salmo 63:3"
    },
    {
        "text": "O Senhor firma os passos daquele que nele se agrada. Confie e avance. Salmo 37:23"
    },
    {
        "text": "Regozijai-vos sempre no Senhor. Filipenses 4:4"
    },
    {
        "text": "Lembre-se: Sede agradecidos em todas as circunstâncias. 1 Tessalonicenses 5:18"
    },
    {
        "text": "Ande em amor, como Cristo nos amou. Confie e avance. Efésios 5:2"
    },
    {
        "text": "Lembre-se: Busca primeiro o reino de Deus e a sua justiça. Mateus 6:33"
    },
    {
        "text": "Se alguém está em Cristo, nova criatura é. 2 Coríntios 5:17"
    },
    {
        "text": "Lembre-se: A palavra de Deus é lâmpada para os meus pés. Salmo 119:105"
    },
    {
        "text": "Confia no Senhor de todo o teu coração. Provérbios 3:5"
    },
    {
        "text": "Lembre-se: Pede, e dar-se-vos-á; busca, e encontrareis. Confie e avance. Mateus 7:7"
    },
    {
        "text": "Não vos inquieteis com o dia de amanhã. Mateus 6:34"
    },
    {
        "text": "Lembre-se: Sede fortes e corajosos; não temais nem vos atemorizeis. Deuteronômio 31:6"
    },
    {
        "text": "O Senhor dá força ao cansado. Isaías 40:29"
    },
    {
        "text": "Lembre-se: O Senhor guarda os passos do justo. Confie e avance. Salmo 37:23"
    },
    {
        "text": "A misericórdia do Senhor é de geração em geração. Lucas 1:50"
    },
    {
        "text": "O Senhor conhece os pensamentos do homem. Salmo 94:11"
    },
    {
        "text": "Aquele que semeia com lágrimas, com alegria ceifará. Confie e avance. Salmo 126:5"
    },
    {
        "text": "Lembre-se: O Senhor é justo em todos os seus caminhos. Salmo 145:17"
    },
    {
        "text": "Confia no Senhor e faze o bem. Salmo 37:3"
    },
    {
        "text": "Lembre-se: Esforça-te e confirma o teu coração. Salmo 27:14"
    },
    {
        "text": "A minha alma espera somente em Deus. Confie e avance. Salmo 62:5"
    },
    {
        "text": "O Senhor concede sabedoria aos que Lhe pedem. Tiago 1:5"
    },
    {
        "text": "A boca do justo produz sabedoria. Confie e avance. Provérbios 10:31"
    },
    {
        "text": "Faz com que a luz do teu rosto brilhe sobre nós. Salmo 67:1"
    },
    {
        "text": "Serve ao Senhor com temor e alegrai-vos com tremor. Confie e avance. Salmo 2:11"
    },
    {
        "text": "Bendize, ó minha alma, ao Senhor. Salmo 103:1"
    },
    {
        "text": "Andai em novidade de vida. Confie e avance. Romanos 6:4"
    },
    {
        "text": "A paz de Cristo reine em vossos corações. Colossenses 3:15"
    },
    {
        "text": "Sede firmes na fé. Confie e avance. 1 Coríntios 16:13"
    },
    {
        "text": "Lembre-se: A esperança não traz confusão. Romanos 5:5"
    },
    {
        "text": "Sede praticantes da palavra, e não apenas ouvintes. Confie e avance. Tiago 1:22"
    },
    {
        "text": "O Senhor é compassivo e misericordioso. Salmo 103:8"
    },
    {
        "text": "Busca a justiça, reprime a opressão. Confie e avance. Isaías 1:17"
    },
    {
        "text": "A palavra de Cristo habite em vós ricamente. Colossenses 3:16"
    },
    {
        "text": "Dai graças ao Senhor, porque ele é bom. Confie e avance. Salmo 107:1"
    },
    {
        "text": "O Senhor é a minha força e o meu escudo. Salmo 28:7"
    },
    {
        "text": "Posso todas as coisas naquele que me fortalece. Filipenses 4:13"
    },
    {
        "text": "Deus é o nosso refúgio e fortaleza. Confie e avance. Salmo 46:1"
    },
    {
        "text": "Se Deus é por nós, quem será contra nós? Romanos 8:31"
    },
    {
        "text": "Lembre-se: A alegria do Senhor é a nossa força. Neemias 8:10"
    },
    {
        "text": "O Senhor pelejará por vós; e vós vos calareis. Êxodo 14:14"
    },
    {
        "text": "Entrega o teu caminho ao Senhor; confia nele, e o mais ele fará. Confie e avance. Salmo 37:5"
    },
    {
        "text": "O Senhor é o meu pastor; nada me faltará. Salmo 23:1"
    },
    {
        "text": "Aquele que habita no esconderijo do Altíssimo descansará. Salmo 91:1"
    },
    {
        "text": "Fortalecei-vos no Senhor e na força do seu poder. Confie e avance. Efésios 6:10"
    },
    {
        "text": "Tudo coopera para o bem daqueles que amam a Deus. Romanos 8:28"
    },
    {
        "text": "Não temas, porque eu sou contigo. Isaías 41:10"
    },
    {
        "text": "O choro pode durar uma noite, mas a alegria vem pela manhã. Confie e avance. Salmo 30:5"
    },
    {
        "text": "Seja forte e corajoso, o Senhor está contigo. Josué 1:9"
    },
    {
        "text": "A paz de Deus guardará o vosso coração. Filipenses 4:7"
    },
    {
        "text": "Deus nunca nos deixa e nunca nos abandona. Confie e avance. Hebreus 13:5"
    },
    {
        "text": "Os que esperam no Senhor renovarão as forças. Isaías 40:31"
    },
    {
        "text": "Ele sara os quebrantados de coração. Salmo 147:3"
    },
    {
        "text": "O Senhor é a minha luz e a minha salvação. Salmo 27:1"
    },
    {
        "text": "Quando sou fraco, então é que sou forte. Confie e avance. 2 Coríntios 12:10"
    },
    {
        "text": "Deleita-te no Senhor, e Ele concederá o que deseja o teu coração. Salmo 37:4"
    },
    {
        "text": "A fé é o firme fundamento das coisas que se esperam. Hebreus 11:1"
    },
    {
        "text": "Bem-aventurado o homem que confia no Senhor. Confie e avance. Jeremias 17:7"
    },
    {
        "text": "Os planos de Deus são de paz e não de mal. Jeremias 29:11"
    },
    {
        "text": "Lembre-se: Deus é poderoso para fazer infinitamente mais. Efésios 3:20"
    },
    {
        "text": "Em Cristo somos mais que vencedores. Confie e avance. Romanos 8:37"
    },
    {
        "text": "O Senhor sustenta a todos os que caem. Salmo 145:14"
    },
    {
        "text": "Não se turbe o vosso coração; crede em Deus. João 14:1"
    },
    {
        "text": "Deus não nos deu espírito de covardia, mas de poder. Confie e avance. 2 Timóteo 1:7"
    },
    {
        "text": "Aquele que começou a boa obra em vós há de completá-la. Filipenses 1:6"
    },
    {
        "text": "O Senhor é a minha rocha e o meu libertador. Confie e avance. Salmo 18:2"
    },
    {
        "text": "O amor de Deus lança fora todo medo. 1 João 4:18"
    },
    {
        "text": "O Senhor está perto dos que têm o coração quebrantado. Salmo 34:18"
    },
    {
        "text": "Clama a mim, e responder-te-ei. Jeremias 33:3"
    },
    {
        "text": "O Senhor cumpre o que promete. Confie e avance. Josué 21:45"
    },
    {
        "text": "Lembre-se: O Senhor é bom, um refúgio em tempos de angústia. Naum 1:7"
    },
    {
        "text": "A mão do Senhor não está encolhida para que não possa salvar. Isaías 59:1"
    },
    {
        "text": "Ele faz novas todas as coisas. Confie e avance. Apocalipse 21:5"
    },
    {
        "text": "O Senhor consola o seu povo. Isaías 49:13"
    },
    {
        "text": "Deus é a minha salvação; confiarei e não temerei. Confie e avance. Isaías 12:2"
    },
    {
        "text": "A graça do Senhor é melhor que a vida. Salmo 63:3"
    },
    {
        "text": "O Senhor firma os passos daquele que nele se agrada. Salmo 37:23"
    },
    {
        "text": "Regozijai-vos sempre no Senhor. Confie e avance. Filipenses 4:4"
    },
    {
        "text": "Sede agradecidos em todas as circunstâncias. 1 Tessalonicenses 5:18"
    },
    {
        "text": "Ande em amor, como Cristo nos amou. Confie e avance. Efésios 5:2"
    },
    {
        "text": "Busca primeiro o reino de Deus e a sua justiça. Mateus 6:33"
    },
    {
        "text": "Se alguém está em Cristo, nova criatura é. 2 Coríntios 5:17"
    },
    {
        "text": "A palavra de Deus é lâmpada para os meus pés. Confie e avance. Salmo 119:105"
    },
    {
        "text": "Confia no Senhor de todo o teu coração. Provérbios 3:5"
    },
    {
        "text": "Pede, e dar-se-vos-á; busca, e encontrareis. Mateus 7:7"
    },
    {
        "text": "Não vos inquieteis com o dia de amanhã. Confie e avance. Mateus 6:34"
    },
    {
        "text": "Sede fortes e corajosos; não temais nem vos atemorizeis. Deuteronômio 31:6"
    },
    {
        "text": "O Senhor dá força ao cansado. Confie e avance. Isaías 40:29"
    },
    {
        "text": "O Senhor guarda os passos do justo. Salmo 37:23"
    },
    {
        "text": "A misericórdia do Senhor é de geração em geração. Confie e avance. Lucas 1:50"
    },
    {
        "text": "O Senhor conhece os pensamentos do homem. Salmo 94:11"
    },
    {
        "text": "Aquele que semeia com lágrimas, com alegria ceifará. Salmo 126:5"
    },
    {
        "text": "Lembre-se: O Senhor é justo em todos os seus caminhos. Salmo 145:17"
    },
    {
        "text": "Confia no Senhor e faze o bem. Confie e avance. Salmo 37:3"
    },
    {
        "text": "Esforça-te e confirma o teu coração. Salmo 27:14"
    },
    {
        "text": "A minha alma espera somente em Deus. Salmo 62:5"
    },
    {
        "text": "O Senhor concede sabedoria aos que Lhe pedem. Tiago 1:5"
    },
    {
        "text": "A boca do justo produz sabedoria. Provérbios 10:31"
    },
    {
        "text": "Faz com que a luz do teu rosto brilhe sobre nós. Confie e avance. Salmo 67:1"
    },
    {
        "text": "Serve ao Senhor com temor e alegrai-vos com tremor. Salmo 2:11"
    },
    {
        "text": "Bendize, ó minha alma, ao Senhor. Salmo 103:1"
    },
    {
        "text": "Andai em novidade de vida. Confie e avance. Romanos 6:4"
    },
    {
        "text": "A paz de Cristo reine em vossos corações. Colossenses 3:15"
    },
    {
        "text": "Sede firmes na fé. 1 Coríntios 16:13"
    },
    {
        "text": "Lembre-se: A esperança não traz confusão. Confie e avance. Romanos 5:5"
    },
    {
        "text": "Sede praticantes da palavra, e não apenas ouvintes. Tiago 1:22"
    },
    {
        "text": "O Senhor é compassivo e misericordioso. Confie e avance. Salmo 103:8"
    },
    {
        "text": "Busca a justiça, reprime a opressão. Isaías 1:17"
    },
    {
        "text": "A palavra de Cristo habite em vós ricamente. Confie e avance. Colossenses 3:16"
    },
    {
        "text": "Dai graças ao Senhor, porque ele é bom. Salmo 107:1"
    },
    {
        "text": "O Senhor é a minha força e o meu escudo. Confie e avance. Salmo 28:7"
    },
    {
        "text": "Posso todas as coisas naquele que me fortalece. Filipenses 4:13"
    },
    {
        "text": "Deus é o nosso refúgio e fortaleza. Confie e avance. Salmo 46:1"
    },
    {
        "text": "Se Deus é por nós, quem será contra nós? Romanos 8:31"
    },
    {
        "text": "A alegria do Senhor é a nossa força. Confie e avance. Neemias 8:10"
    },
    {
        "text": "O Senhor pelejará por vós; e vós vos calareis. Êxodo 14:14"
    },
    {
        "text": "Entrega o teu caminho ao Senhor; confia nele, e o mais ele fará. Confie e avance. Salmo 37:5"
    },
    {
        "text": "O Senhor é o meu pastor; nada me faltará. Salmo 23:1"
    },
    {
        "text": "Aquele que habita no esconderijo do Altíssimo descansará. Salmo 91:1"
    },
    {
        "text": "Fortalecei-vos no Senhor e na força do seu poder. Confie e avance. Efésios 6:10"
    },
    {
        "text": "Tudo coopera para o bem daqueles que amam a Deus. Romanos 8:28"
    },
    {
        "text": "Não temas, porque eu sou contigo. Confie e avance. Isaías 41:10"
    }
]